url;status;redirects;final_url;time_ms;indexable;title;h1;canonical;meta_robots;x_robots_tag;content_type;size_bytes;issues;error
https://www.meble-bydgoszcz.pl/;200;0;https://www.meble-bydgoszcz.pl/;75;tak;Meble na wymiar Bydgoszcz - Projektowanie i Produkcja Mebli | Meble-Bydgoszcz.pl;Meble na wymiar Bydgoszcz;https://www.meble-bydgoszcz.pl/;index, follow;;text/html;54342;tytuł >65 zn.;
https://www.meble-bydgoszcz.pl/blog/;200;0;https://www.meble-bydgoszcz.pl/blog/;112;tak;Blog o meblach na wymiar | Meble Bydgoszcz - Porady i inspiracje | Meble-Bydgoszcz.pl;Porady i inspiracje;https://www.meble-bydgoszcz.pl/blog/;index, follow;;text/html;38070;tytuł >65 zn.;
https://www.meble-bydgoszcz.pl/blog/biurko-na-wymiar-domowe-biuro/;200;0;https://www.meble-bydgoszcz.pl/blog/biurko-na-wymiar-domowe-biuro/;99;tak;Biurko na wymiar i domowe biuro — jak zaprojektować funkcjonalne miejsce pracy | Blog Meble Bydgoszcz | Meble-Bydgoszcz.pl;Biurko na wymiar i domowe biuro — jak zaprojektować funkcjonalne miejsce pracy;https://www.meble-bydgoszcz.pl/blog/biurko-na-wymiar-domowe-biuro/;index, follow;;text/html;44197;tytuł >65 zn.;
https://www.meble-bydgoszcz.pl/blog/bledy-w-projektowaniu-kuchni/;200;0;https://www.meble-bydgoszcz.pl/blog/bledy-w-projektowaniu-kuchni/;124;tak;7 błędów przy projektowaniu kuchni, które widzimy u klientów (i jak ich uniknąć) | Blog Meble Bydgoszcz | Meble-Bydgoszcz.pl;7 błędów przy projektowaniu kuchni, które widzimy u klientów (i jak ich uniknąć);https://www.meble-bydgoszcz.pl/blog/bledy-w-projektowaniu-kuchni/;index, follow;;text/html;39156;tytuł >65 zn.;
https://www.meble-bydgoszcz.pl/blog/garderoba-na-wymiar-projektowanie/;200;0;https://www.meble-bydgoszcz.pl/blog/garderoba-na-wymiar-projektowanie/;102;tak;Garderoba na wymiar — jak zaprojektować funkcjonalną przestrzeń na ubrania, buty i dodatki | Blog Meble Bydgoszcz | Meble-Bydgoszcz.pl;Garderoba na wymiar — jak zaprojektować funkcjonalną przestrzeń na ubrania, buty i dodatki;https://www.meble-bydgoszcz.pl/blog/garderoba-na-wymiar-projektowanie/;index, follow;;text/html;42531;tytuł >65 zn.;
https://www.meble-bydgoszcz.pl/blog/ile-kosztuja-meble-na-wymiar-2026/;200;0;https://www.meble-bydgoszcz.pl/blog/ile-kosztuja-meble-na-wymiar-2026/;111;tak;Ile kosztują meble na wymiar w 2026 roku? Orientacyjne ceny kuchni, szaf i zabudów | Blog Meble Bydgoszcz | Meble-Bydgoszcz.pl;Ile kosztują meble na wymiar w 2026 roku? Orientacyjne ceny kuchni, szaf i zabudów;https://www.meble-bydgoszcz.pl/blog/ile-kosztuja-meble-na-wymiar-2026/;index, follow;;text/html;41345;tytuł >65 zn.;
https://www.meble-bydgoszcz.pl/blog/kategoria/aranzacje-wnetrz/;200;0;https://www.meble-bydgoszcz.pl/blog/kategoria/aranzacje-wnetrz/;83;tak;Aranżacje wnętrz | Blog Meble Bydgoszcz | Meble-Bydgoszcz.pl;Aranżacje wnętrz;https://www.meble-bydgoszcz.pl/blog/kategoria/aranzacje-wnetrz/;index, follow;;text/html;23252;;
https://www.meble-bydgoszcz.pl/blog/kategoria/faq/;200;0;https://www.meble-bydgoszcz.pl/blog/kategoria/faq/;120;tak;FAQ | Blog Meble Bydgoszcz | Meble-Bydgoszcz.pl;FAQ;https://www.meble-bydgoszcz.pl/blog/kategoria/faq/;index, follow;;text/html;19321;;
https://www.meble-bydgoszcz.pl/blog/kategoria/kuchnie-na-wymiar/;200;0;https://www.meble-bydgoszcz.pl/blog/kategoria/kuchnie-na-wymiar/;96;tak;Kuchnie na wymiar | Blog Meble Bydgoszcz | Meble-Bydgoszcz.pl;Kuchnie na wymiar;https://www.meble-bydgoszcz.pl/blog/kategoria/kuchnie-na-wymiar/;index, follow;;text/html;20991;;
https://www.meble-bydgoszcz.pl/blog/kategoria/lazienki/;200;0;https://www.meble-bydgoszcz.pl/blog/kategoria/lazienki/;81;tak;Łazienki | Blog Meble Bydgoszcz | Meble-Bydgoszcz.pl;Łazienki;https://www.meble-bydgoszcz.pl/blog/kategoria/lazienki/;index, follow;;text/html;20011;;
https://www.meble-bydgoszcz.pl/blog/kategoria/materialy-i-wykonczenia/;200;0;https://www.meble-bydgoszcz.pl/blog/kategoria/materialy-i-wykonczenia/;96;tak;Materiały i wykończenia | Blog Meble Bydgoszcz | Meble-Bydgoszcz.pl;Materiały i wykończenia;https://www.meble-bydgoszcz.pl/blog/kategoria/materialy-i-wykonczenia/;index, follow;;text/html;20219;tytuł >65 zn.;
https://www.meble-bydgoszcz.pl/blog/kategoria/meble-biurowe/;200;0;https://www.meble-bydgoszcz.pl/blog/kategoria/meble-biurowe/;95;tak;Meble biurowe | Blog Meble Bydgoszcz | Meble-Bydgoszcz.pl;Meble biurowe;https://www.meble-bydgoszcz.pl/blog/kategoria/meble-biurowe/;index, follow;;text/html;19975;;
https://www.meble-bydgoszcz.pl/blog/kategoria/poradniki/;200;0;https://www.meble-bydgoszcz.pl/blog/kategoria/poradniki/;119;tak;Poradniki | Blog Meble Bydgoszcz | Meble-Bydgoszcz.pl;Poradniki;https://www.meble-bydgoszcz.pl/blog/kategoria/poradniki/;index, follow;;text/html;20073;;
https://www.meble-bydgoszcz.pl/blog/kategoria/realizacje/;200;0;https://www.meble-bydgoszcz.pl/blog/kategoria/realizacje/;99;tak;Realizacje | Blog Meble Bydgoszcz | Meble-Bydgoszcz.pl;Realizacje;https://www.meble-bydgoszcz.pl/blog/kategoria/realizacje/;index, follow;;text/html;19360;;
https://www.meble-bydgoszcz.pl/blog/kategoria/sypialnie/;200;0;https://www.meble-bydgoszcz.pl/blog/kategoria/sypialnie/;152;tak;Sypialnie | Blog Meble Bydgoszcz | Meble-Bydgoszcz.pl;Sypialnie;https://www.meble-bydgoszcz.pl/blog/kategoria/sypialnie/;index, follow;;text/html;19344;;
https://www.meble-bydgoszcz.pl/blog/kategoria/szafy-i-garderoby/;200;0;https://www.meble-bydgoszcz.pl/blog/kategoria/szafy-i-garderoby/;87;tak;Szafy i garderoby | Blog Meble Bydgoszcz | Meble-Bydgoszcz.pl;Szafy i garderoby;https://www.meble-bydgoszcz.pl/blog/kategoria/szafy-i-garderoby/;index, follow;;text/html;21061;;
https://www.meble-bydgoszcz.pl/blog/kategoria/trendy-i-inspiracje/;200;0;https://www.meble-bydgoszcz.pl/blog/kategoria/trendy-i-inspiracje/;81;tak;Trendy i inspiracje | Blog Meble Bydgoszcz | Meble-Bydgoszcz.pl;Trendy i inspiracje;https://www.meble-bydgoszcz.pl/blog/kategoria/trendy-i-inspiracje/;index, follow;;text/html;19424;;
https://www.meble-bydgoszcz.pl/blog/kategoria/wykonczenia-wnetrz/;200;0;https://www.meble-bydgoszcz.pl/blog/kategoria/wykonczenia-wnetrz/;77;tak;Wykończenia wnętrz | Blog Meble Bydgoszcz | Meble-Bydgoszcz.pl;Wykończenia wnętrz;https://www.meble-bydgoszcz.pl/blog/kategoria/wykonczenia-wnetrz/;index, follow;;text/html;19387;;
https://www.meble-bydgoszcz.pl/blog/kuchnia-l-u-czy-z-wyspa/;200;0;https://www.meble-bydgoszcz.pl/blog/kuchnia-l-u-czy-z-wyspa/;87;tak;Kuchnia w kształcie L, U czy z wyspą? Który układ wybrać do swojego mieszkania | Blog Meble Bydgoszcz | Meble-Bydgoszcz.pl;Kuchnia w kształcie L, U czy z wyspą? Który układ wybrać do swojego mieszkania;https://www.meble-bydgoszcz.pl/blog/kuchnia-l-u-czy-z-wyspa/;index, follow;;text/html;38989;tytuł >65 zn.;
https://www.meble-bydgoszcz.pl/blog/mala-kuchnia-w-bloku/;200;0;https://www.meble-bydgoszcz.pl/blog/mala-kuchnia-w-bloku/;84;tak;Mała kuchnia w bloku - sprytne rozwiązania na każdy centymetr | Blog Meble Bydgoszcz | Meble-Bydgoszcz.pl;Mała kuchnia w bloku - sprytne rozwiązania na każdy centymetr;https://www.meble-bydgoszcz.pl/blog/mala-kuchnia-w-bloku/;index, follow;;text/html;42293;tytuł >65 zn.;
https://www.meble-bydgoszcz.pl/blog/materialy-na-meble-na-wymiar/;200;0;https://www.meble-bydgoszcz.pl/blog/materialy-na-meble-na-wymiar/;137;tak;Płyta meblowa, MDF, sklejka czy drewno lite — jaki materiał wybrać na meble na wymiar? | Blog Meble Bydgoszcz | Meble-Bydgoszcz.pl;Płyta meblowa, MDF, sklejka czy drewno lite — jaki materiał wybrać na meble na wymiar?;https://www.meble-bydgoszcz.pl/blog/materialy-na-meble-na-wymiar/;index, follow;;text/html;44750;tytuł >65 zn.;
https://www.meble-bydgoszcz.pl/blog/meble-do-sypialni-na-wymiar/;200;0;https://www.meble-bydgoszcz.pl/blog/meble-do-sypialni-na-wymiar/;89;tak;Meble do sypialni na wymiar — zabudowa za łóżkiem, szafki nocne i przechowywanie, które zmienia komfort snu | Blog Meble Bydgoszcz | Meble-Bydgoszcz.pl;Meble do sypialni na wymiar — zabudowa za łóżkiem, szafki nocne i przechowywanie, które zmienia komfort snu;https://www.meble-bydgoszcz.pl/blog/meble-do-sypialni-na-wymiar/;index, follow;;text/html;42022;tytuł >65 zn.;
https://www.meble-bydgoszcz.pl/blog/meble-lazienkowe-na-wymiar-trendy-2026/;200;0;https://www.meble-bydgoszcz.pl/blog/meble-lazienkowe-na-wymiar-trendy-2026/;78;tak;Meble łazienkowe na wymiar — trendy 2026, które warto znać przed remontem | Blog Meble Bydgoszcz | Meble-Bydgoszcz.pl;Meble łazienkowe na wymiar — trendy 2026, które warto znać przed remontem;https://www.meble-bydgoszcz.pl/blog/meble-lazienkowe-na-wymiar-trendy-2026/;index, follow;;text/html;49471;tytuł >65 zn.;
https://www.meble-bydgoszcz.pl/blog/szafa-wnekowa-czy-wolnostojaca/;200;0;https://www.meble-bydgoszcz.pl/blog/szafa-wnekowa-czy-wolnostojaca/;95;tak;Szafa wnękowa czy wolnostojąca — co wybrać do sypialni? | Blog Meble Bydgoszcz | Meble-Bydgoszcz.pl;Szafa wnękowa czy wolnostojąca — co wybrać do sypialni?;https://www.meble-bydgoszcz.pl/blog/szafa-wnekowa-czy-wolnostojaca/;index, follow;;text/html;46148;tytuł >65 zn.;
https://www.meble-bydgoszcz.pl/blog/zabudowa-przedpokoju-na-wymiar/;200;0;https://www.meble-bydgoszcz.pl/blog/zabudowa-przedpokoju-na-wymiar/;89;tak;Zabudowa przedpokoju na wymiar — jak urządzić wąski korytarz, żeby był funkcjonalny i estetyczny | Blog Meble Bydgoszcz | Meble-Bydgoszcz.pl;Zabudowa przedpokoju na wymiar — jak urządzić wąski korytarz, żeby był funkcjonalny i estetyczny;https://www.meble-bydgoszcz.pl/blog/zabudowa-przedpokoju-na-wymiar/;index, follow;;text/html;42998;tytuł >65 zn.;
https://www.meble-bydgoszcz.pl/blog/zabudowa-sciany-w-salonie-na-wymiar/;200;0;https://www.meble-bydgoszcz.pl/blog/zabudowa-sciany-w-salonie-na-wymiar/;126;tak;Zabudowa ściany w salonie na wymiar — ściana RTV, regały i meblościanka, która nie wygląda jak meblościanka | Blog Meble Bydgoszcz | Meble-Bydgoszcz.pl;Zabudowa ściany w salonie na wymiar — ściana RTV, regały i meblościanka, która nie wygląda jak meblościanka;https://www.meble-bydgoszcz.pl/blog/zabudowa-sciany-w-salonie-na-wymiar/;index, follow;;text/html;42145;tytuł >65 zn.;
https://www.meble-bydgoszcz.pl/kontakt;200;1;https://www.meble-bydgoszcz.pl/kontakt/;234;tak;Kontakt - Meble na wymiar Bydgoszcz | Meble-Bydgoszcz.pl;Skontaktuj się z nami;https://www.meble-bydgoszcz.pl/kontakt/;index, follow;;text/html;27924;;
https://www.meble-bydgoszcz.pl/kontakt/;200;0;https://www.meble-bydgoszcz.pl/kontakt/;119;tak;Kontakt - Meble na wymiar Bydgoszcz | Meble-Bydgoszcz.pl;Skontaktuj się z nami;https://www.meble-bydgoszcz.pl/kontakt/;index, follow;;text/html;27924;;
https://www.meble-bydgoszcz.pl/kuchnie;200;1;https://www.meble-bydgoszcz.pl/kuchnie/;203;tak;Kuchnie na wymiar Bydgoszcz - Projektowanie i Produkcja | Meble-Bydgoszcz.pl;Kuchnie na wymiar Bydgoszcz;https://www.meble-bydgoszcz.pl/kuchnie/;index, follow;;text/html;42054;tytuł >65 zn.;
https://www.meble-bydgoszcz.pl/kuchnie/;200;0;https://www.meble-bydgoszcz.pl/kuchnie/;110;tak;Kuchnie na wymiar Bydgoszcz - Projektowanie i Produkcja | Meble-Bydgoszcz.pl;Kuchnie na wymiar Bydgoszcz;https://www.meble-bydgoszcz.pl/kuchnie/;index, follow;;text/html;42054;tytuł >65 zn.;
https://www.meble-bydgoszcz.pl/lazienki;200;1;https://www.meble-bydgoszcz.pl/lazienki/;168;tak;Łazienki na wymiar Bydgoszcz - Projektowanie i Produkcja | Meble-Bydgoszcz.pl;Łazienki na wymiar Bydgoszcz;https://www.meble-bydgoszcz.pl/lazienki/;index, follow;;text/html;40811;tytuł >65 zn.;
https://www.meble-bydgoszcz.pl/lazienki/;200;0;https://www.meble-bydgoszcz.pl/lazienki/;74;tak;Łazienki na wymiar Bydgoszcz - Projektowanie i Produkcja | Meble-Bydgoszcz.pl;Łazienki na wymiar Bydgoszcz;https://www.meble-bydgoszcz.pl/lazienki/;index, follow;;text/html;40811;tytuł >65 zn.;
https://www.meble-bydgoszcz.pl/lozka;200;1;https://www.meble-bydgoszcz.pl/lozka/;210;tak;Łóżka na wymiar Bydgoszcz - Tapicerowane, drewniane, z pojemnikiem | Meble-Bydgoszcz.pl;Łóżka na wymiar Bydgoszcz;https://www.meble-bydgoszcz.pl/lozka/;index, follow;;text/html;41352;tytuł >65 zn.;
https://www.meble-bydgoszcz.pl/lozka/;200;0;https://www.meble-bydgoszcz.pl/lozka/;115;tak;Łóżka na wymiar Bydgoszcz - Tapicerowane, drewniane, z pojemnikiem | Meble-Bydgoszcz.pl;Łóżka na wymiar Bydgoszcz;https://www.meble-bydgoszcz.pl/lozka/;index, follow;;text/html;41352;tytuł >65 zn.;
https://www.meble-bydgoszcz.pl/meble-biurowe;200;1;https://www.meble-bydgoszcz.pl/meble-biurowe/;253;tak;Meble biurowe na wymiar Bydgoszcz - Biurka, krzesła, regały | Meble-Bydgoszcz.pl;Meble biurowe na wymiar Bydgoszcz;https://www.meble-bydgoszcz.pl/meble-biurowe/;index, follow;;text/html;41460;tytuł >65 zn.;
https://www.meble-bydgoszcz.pl/meble-biurowe/;200;0;https://www.meble-bydgoszcz.pl/meble-biurowe/;92;tak;Meble biurowe na wymiar Bydgoszcz - Biurka, krzesła, regały | Meble-Bydgoszcz.pl;Meble biurowe na wymiar Bydgoszcz;https://www.meble-bydgoszcz.pl/meble-biurowe/;index, follow;;text/html;41460;tytuł >65 zn.;
https://www.meble-bydgoszcz.pl/polityka-prywatnosci/;200;0;https://www.meble-bydgoszcz.pl/polityka-prywatnosci/;131;tak;Polityka Prywatności | Meble-Bydgoszcz.pl;Polityka Prywatności;https://www.meble-bydgoszcz.pl/polityka-prywatnosci/;index, follow;;text/html;34158;;
https://www.meble-bydgoszcz.pl/projektowanie;200;1;https://www.meble-bydgoszcz.pl/projektowanie/;180;tak;Projektowanie wnętrz Bydgoszcz - Aranżacje mieszkań i domów | Meble-Bydgoszcz.pl;Projektowanie wnętrz Bydgoszcz;https://www.meble-bydgoszcz.pl/projektowanie/;index, follow;;text/html;43852;tytuł >65 zn.;
https://www.meble-bydgoszcz.pl/projektowanie/;200;0;https://www.meble-bydgoszcz.pl/projektowanie/;88;tak;Projektowanie wnętrz Bydgoszcz - Aranżacje mieszkań i domów | Meble-Bydgoszcz.pl;Projektowanie wnętrz Bydgoszcz;https://www.meble-bydgoszcz.pl/projektowanie/;index, follow;;text/html;43852;tytuł >65 zn.;
https://www.meble-bydgoszcz.pl/realizacje;200;1;https://www.meble-bydgoszcz.pl/realizacje/;143;tak;Realizacje - Meble na wymiar Bydgoszcz | Portfolio | Meble-Bydgoszcz.pl;Nasze realizacje;https://www.meble-bydgoszcz.pl/realizacje/;index, follow;;text/html;44714;tytuł >65 zn.;
https://www.meble-bydgoszcz.pl/realizacje/;200;0;https://www.meble-bydgoszcz.pl/realizacje/;58;tak;Realizacje - Meble na wymiar Bydgoszcz | Portfolio | Meble-Bydgoszcz.pl;Nasze realizacje;https://www.meble-bydgoszcz.pl/realizacje/;index, follow;;text/html;44714;tytuł >65 zn.;
https://www.meble-bydgoszcz.pl/regulamin/;200;0;https://www.meble-bydgoszcz.pl/regulamin/;83;tak;Regulamin strony internetowej | Meble-Bydgoszcz.pl;Regulamin strony internetowej;https://www.meble-bydgoszcz.pl/regulamin/;index, follow;;text/html;32028;;
https://www.meble-bydgoszcz.pl/sypialnie;200;1;https://www.meble-bydgoszcz.pl/sypialnie/;192;tak;Sypialnie na wymiar Bydgoszcz - Meble do sypialni | Meble-Bydgoszcz.pl;Sypialnie na wymiar Bydgoszcz;https://www.meble-bydgoszcz.pl/sypialnie/;index, follow;;text/html;42510;tytuł >65 zn.;
https://www.meble-bydgoszcz.pl/sypialnie/;200;0;https://www.meble-bydgoszcz.pl/sypialnie/;104;tak;Sypialnie na wymiar Bydgoszcz - Meble do sypialni | Meble-Bydgoszcz.pl;Sypialnie na wymiar Bydgoszcz;https://www.meble-bydgoszcz.pl/sypialnie/;index, follow;;text/html;42510;tytuł >65 zn.;
https://www.meble-bydgoszcz.pl/szafy-garderoby;200;1;https://www.meble-bydgoszcz.pl/szafy-garderoby/;169;tak;Szafy i garderoby na wymiar Bydgoszcz - Projektowanie | Meble-Bydgoszcz.pl;Szafy i garderoby na wymiar Bydgoszcz;https://www.meble-bydgoszcz.pl/szafy-garderoby/;index, follow;;text/html;42229;tytuł >65 zn.;
https://www.meble-bydgoszcz.pl/szafy-garderoby/;200;0;https://www.meble-bydgoszcz.pl/szafy-garderoby/;75;tak;Szafy i garderoby na wymiar Bydgoszcz - Projektowanie | Meble-Bydgoszcz.pl;Szafy i garderoby na wymiar Bydgoszcz;https://www.meble-bydgoszcz.pl/szafy-garderoby/;index, follow;;text/html;42229;tytuł >65 zn.;
https://www.meble-bydgoszcz.pl/wykonczenia;200;1;https://www.meble-bydgoszcz.pl/wykonczenia/;193;tak;Wykończenia wnętrz mieszkań i domów - Bydgoszcz | Meble-Bydgoszcz.pl;Wykończenia wnętrz Bydgoszcz;https://www.meble-bydgoszcz.pl/wykonczenia/;index, follow;;text/html;41747;tytuł >65 zn.;
https://www.meble-bydgoszcz.pl/wykonczenia/;200;0;https://www.meble-bydgoszcz.pl/wykonczenia/;102;tak;Wykończenia wnętrz mieszkań i domów - Bydgoszcz | Meble-Bydgoszcz.pl;Wykończenia wnętrz Bydgoszcz;https://www.meble-bydgoszcz.pl/wykonczenia/;index, follow;;text/html;41747;tytuł >65 zn.;
https://www.meble-bydgoszcz.pl/zabudowy;200;1;https://www.meble-bydgoszcz.pl/zabudowy/;187;tak;Zabudowy na wymiar Bydgoszcz - Zabudowy wnęk, szafy | Meble-Bydgoszcz.pl | Meble-Bydgoszcz.pl;Zabudowy na wymiar Bydgoszcz;https://www.meble-bydgoszcz.pl/zabudowy/;index, follow;;text/html;42226;tytuł >65 zn.;
https://www.meble-bydgoszcz.pl/zabudowy/;200;0;https://www.meble-bydgoszcz.pl/zabudowy/;93;tak;Zabudowy na wymiar Bydgoszcz - Zabudowy wnęk, szafy | Meble-Bydgoszcz.pl | Meble-Bydgoszcz.pl;Zabudowy na wymiar Bydgoszcz;https://www.meble-bydgoszcz.pl/zabudowy/;index, follow;;text/html;42226;tytuł >65 zn.;
