url;depth;status;inbound;outbound;external;content_type;title;error
https://meble-bydgoszcz.pl/;0;200;33;15;3;text/html;Meble na wymiar Bydgoszcz - Projektowanie i Produkcja Mebli | Meble-Bydgoszcz.pl;
https://meble-bydgoszcz.pl/blog;1;200;33;34;2;text/html;Blog o meblach na wymiar | Meble Bydgoszcz - Porady i inspiracje | Meble-Bydgoszcz.pl;
https://meble-bydgoszcz.pl/kontakt;1;200;33;16;2;text/html;Kontakt - Meble na wymiar Bydgoszcz | Meble-Bydgoszcz.pl;
https://meble-bydgoszcz.pl/kuchnie;1;200;33;15;3;text/html;Kuchnie na wymiar Bydgoszcz - Projektowanie i Produkcja | Meble-Bydgoszcz.pl;
https://meble-bydgoszcz.pl/lazienki;1;200;33;15;3;text/html;Łazienki na wymiar Bydgoszcz - Projektowanie i Produkcja | Meble-Bydgoszcz.pl;
https://meble-bydgoszcz.pl/lozka;1;200;33;15;3;text/html;Łóżka na wymiar Bydgoszcz - Tapicerowane, drewniane, z pojemnikiem | Meble-Bydgoszcz.pl;
https://meble-bydgoszcz.pl/meble-biurowe;1;200;33;15;3;text/html;Meble biurowe na wymiar Bydgoszcz - Biurka, krzesła, regały | Meble-Bydgoszcz.pl;
https://meble-bydgoszcz.pl/polityka-prywatnosci;1;200;33;15;3;text/html;Polityka Prywatności | Meble-Bydgoszcz.pl;
https://meble-bydgoszcz.pl/proces;1;404;34;0;0;"text/html; charset=utf-8";404 Not Found;
https://meble-bydgoszcz.pl/projektowanie;1;200;33;15;3;text/html;Projektowanie wnętrz Bydgoszcz - Aranżacje mieszkań i domów | Meble-Bydgoszcz.pl;
https://meble-bydgoszcz.pl/realizacje;1;200;33;15;2;text/html;Realizacje - Meble na wymiar Bydgoszcz | Portfolio | Meble-Bydgoszcz.pl;
https://meble-bydgoszcz.pl/regulamin;1;200;33;15;2;text/html;Regulamin strony internetowej | Meble-Bydgoszcz.pl;
https://meble-bydgoszcz.pl/sypialnie;1;200;33;15;3;text/html;Sypialnie na wymiar Bydgoszcz - Meble do sypialni | Meble-Bydgoszcz.pl;
https://meble-bydgoszcz.pl/szafy-garderoby;1;200;33;15;3;text/html;Szafy i garderoby na wymiar Bydgoszcz - Projektowanie | Meble-Bydgoszcz.pl;
https://meble-bydgoszcz.pl/wykonczenia;1;200;33;15;3;text/html;Wykończenia wnętrz mieszkań i domów - Bydgoszcz | Meble-Bydgoszcz.pl;
https://meble-bydgoszcz.pl/zabudowy;1;200;33;15;3;text/html;Zabudowy na wymiar Bydgoszcz - Zabudowy wnęk, szafy | Meble-Bydgoszcz.pl | Meble-Bydgoszcz.pl;
https://meble-bydgoszcz.pl/$%7Be.url%7D;2;404;1;0;0;"text/html; charset=utf-8";404 Not Found;
https://meble-bydgoszcz.pl/blog/biurko-na-wymiar-domowe-biuro;2;200;2;17;5;text/html;Biurko na wymiar i domowe biuro — jak zaprojektować funkcjonalne miejsce pracy | Blog Meble Bydgoszcz | Meble-Bydgoszcz.pl;
https://meble-bydgoszcz.pl/blog/bledy-w-projektowaniu-kuchni;2;200;2;17;5;text/html;7 błędów przy projektowaniu kuchni, które widzimy u klientów (i jak ich uniknąć) | Blog Meble Bydgoszcz | Meble-Bydgoszcz.pl;
https://meble-bydgoszcz.pl/blog/garderoba-na-wymiar-projektowanie;2;200;2;17;5;text/html;Garderoba na wymiar — jak zaprojektować funkcjonalną przestrzeń na ubrania, buty i dodatki | Blog Meble Bydgoszcz | Meble-Bydgoszcz.pl;
https://meble-bydgoszcz.pl/blog/ile-kosztuja-meble-na-wymiar-2026;2;200;2;17;5;text/html;Ile kosztują meble na wymiar w 2026 roku? Orientacyjne ceny kuchni, szaf i zabudów | Blog Meble Bydgoszcz | Meble-Bydgoszcz.pl;
https://meble-bydgoszcz.pl/blog/kategoria/aranzacje-wnetrz;2;200;5;20;2;text/html;Aranżacje wnętrz | Blog Meble Bydgoszcz | Meble-Bydgoszcz.pl;
https://meble-bydgoszcz.pl/blog/kategoria/kuchnie-na-wymiar;2;200;3;18;2;text/html;Kuchnie na wymiar | Blog Meble Bydgoszcz | Meble-Bydgoszcz.pl;
https://meble-bydgoszcz.pl/blog/kategoria/lazienki;2;200;2;17;2;text/html;Łazienki | Blog Meble Bydgoszcz | Meble-Bydgoszcz.pl;
https://meble-bydgoszcz.pl/blog/kategoria/materialy-i-wykonczenia;2;200;2;17;2;text/html;Materiały i wykończenia | Blog Meble Bydgoszcz | Meble-Bydgoszcz.pl;
https://meble-bydgoszcz.pl/blog/kategoria/meble-biurowe;2;200;2;17;2;text/html;Meble biurowe | Blog Meble Bydgoszcz | Meble-Bydgoszcz.pl;
https://meble-bydgoszcz.pl/blog/kategoria/poradniki;2;200;2;17;2;text/html;Poradniki | Blog Meble Bydgoszcz | Meble-Bydgoszcz.pl;
https://meble-bydgoszcz.pl/blog/kategoria/szafy-i-garderoby;2;200;3;18;2;text/html;Szafy i garderoby | Blog Meble Bydgoszcz | Meble-Bydgoszcz.pl;
https://meble-bydgoszcz.pl/blog/kuchnia-l-u-czy-z-wyspa;2;200;2;17;5;text/html;Kuchnia w kształcie L, U czy z wyspą? Który układ wybrać do swojego mieszkania | Blog Meble Bydgoszcz | Meble-Bydgoszcz.pl;
https://meble-bydgoszcz.pl/blog/mala-kuchnia-w-bloku;2;200;2;17;5;text/html;Mała kuchnia w bloku - sprytne rozwiązania na każdy centymetr | Blog Meble Bydgoszcz | Meble-Bydgoszcz.pl;
https://meble-bydgoszcz.pl/blog/materialy-na-meble-na-wymiar;2;200;2;17;5;text/html;Płyta meblowa, MDF, sklejka czy drewno lite — jaki materiał wybrać na meble na wymiar? | Blog Meble Bydgoszcz | Meble-Bydgoszcz.pl;
https://meble-bydgoszcz.pl/blog/meble-do-sypialni-na-wymiar;2;200;2;17;5;text/html;Meble do sypialni na wymiar — zabudowa za łóżkiem, szafki nocne i przechowywanie, które zmienia komfort snu | Blog Meble Bydgoszcz | Meble-Bydgoszcz.pl;
https://meble-bydgoszcz.pl/blog/meble-lazienkowe-na-wymiar-trendy-2026;2;200;2;17;5;text/html;Meble łazienkowe na wymiar — trendy 2026, które warto znać przed remontem | Blog Meble Bydgoszcz | Meble-Bydgoszcz.pl;
https://meble-bydgoszcz.pl/blog/szafa-wnekowa-czy-wolnostojaca;2;200;2;17;5;text/html;Szafa wnękowa czy wolnostojąca — co wybrać do sypialni? | Blog Meble Bydgoszcz | Meble-Bydgoszcz.pl;
https://meble-bydgoszcz.pl/blog/zabudowa-przedpokoju-na-wymiar;2;200;2;17;5;text/html;Zabudowa przedpokoju na wymiar — jak urządzić wąski korytarz, żeby był funkcjonalny i estetyczny | Blog Meble Bydgoszcz | Meble-Bydgoszcz.pl;
https://meble-bydgoszcz.pl/blog/zabudowa-sciany-w-salonie-na-wymiar;2;200;2;17;5;text/html;Zabudowa ściany w salonie na wymiar — ściana RTV, regały i meblościanka, która nie wygląda jak meblościanka | Blog Meble Bydgoszcz | Meble-Bydgoszcz.pl;
